Type,Name,Request Count,Failure Count,Median Response Time,Average Response Time,Min Response Time,Max Response Time,Average Content Size,Requests/s,Failures/s,50%,66%,75%,80%,90%,95%,98%,99%,99.9%,99.99%,100%
GET,Obter Usuários Cadastrados,4196,0,210.0,252.51348223861123,172.0022440131288,9735.746571997879,9816.0,83.84003791244956,0.0,210,220,240,250,300,380,900,1200,2800,9700,9700
,Aggregated,4196,0,210.0,252.51348223861123,172.0022440131288,9735.746571997879,9816.0,83.84003791244956,0.0,210,220,240,250,300,380,900,1200,2800,9700,9700
