Type,Name,Request Count,Failure Count,Median Response Time,Average Response Time,Min Response Time,Max Response Time,Average Content Size,Requests/s,Failures/s,50%,66%,75%,80%,90%,95%,98%,99%,99.9%,99.99%,100%
POST,Criar Usuários,17,0,160.0,220.66035605830086,155.21765197627246,365.01296699861996,82.0,1.6037643287333283,0.0,160,220,340,340,360,370,370,370,370,370,370
,Aggregated,17,0,160.0,220.66035605830086,155.21765197627246,365.01296699861996,82.0,1.6037643287333283,0.0,160,220,340,340,360,370,370,370,370,370,370
